Longitude,Latitude,Name,Country,Price,Room_Type,Review_Rating,Host_Name,No_Of_BedRooms,No_Of_BathRooms,No_Of_Beds
2.16942,41.40082,Nice room in Barcelona Center,Spain,50.0,Private room,9.0,Anna,1.0,1.0,2.0
2.17963,41.40087,Cozy bedroom Sagrada Familia,Spain,20.0,Private room,10.0,Rapha,1.0,1.0,2.0
2.17778,41.38049,Room in the very ♥ of BCN - Unbeatable location,Spain,40.0,Private room,8.0,Flo,1.0,1.0,2.0
2.15533,41.40686,Triple room Barcelona Guell park,Spain,40.0,Private room,8.0,Núria,1.0,1.0,3.0
2.17519,41.41035,DOUBLE ROOM for 1 or 2 ppl,Spain,15.0,Private room,9.0,Aleksandra,1.0,1.0,1.0
2.17561,41.38701,DOUBLE ROOM IN THE HEART OF BCN,Spain,25.0,Private room,9.0,Isabel,1.0,1.0,1.0
2.15395,41.38005,1 or 2 rooms with private terrace in shared flat,Spain,65.0,Private room,10.0,Capitaine,2.0,1.0,2.0
2.16851,41.3791,2 confortables habitaciones en el centro de BCN!,Spain,35.0,Private room,9.0,Aliona,2.0,1.0,2.0
2.16126,41.39796,Habitación centro Barcelona,Spain,25.0,Private room,9.0,Alan,1.0,1.0,1.0
2.20085,41.42112,habitación doble tranquila con luz,Spain,31.0,Private room,9.0,Vanessa,1.0,1.0,1.0
2.183,41.39142,"Double Suite, with private bathroom.",Spain,40.0,Private room,9.0,Eva,1.0,1.0,1.0
2.17935,41.43038,Double room with private bathroom,Spain,38.0,Private room,9.0,Sonia,1.0,1.0,1.0
2.12933,41.38665,Beautiful Area Single Room,Spain,95.0,Private room,10.0,Marcos,1.0,1.0,1.0
2.1643,41.40211,Habitación indiv con cama extra,Spain,49.0,Private room,10.0,Txus,1.0,1.0,2.0
2.18116,41.38719,Private bedroom in BORN,Spain,30.0,Private room,9.0,Max'Ou,1.0,1.0,1.0
2.15738,41.40113,Double room in the middle of Gracia,Spain,30.0,Private room,9.0,Anna,1.0,1.0,1.0
2.19001,41.42083,Calm room Barcelona,Spain,25.0,Private room,8.0,Kevin,1.0,1.0,1.0
2.17534,41.3843,Lovely twin room in central flat,Spain,39.0,Private room,10.0,Maria Eulalia,1.0,1.0,2.0
2.18338,41.39087,Cozy room very well located - Arc del Trioumf,Spain,50.0,Private room,10.0,Kel,1.0,1.0,1.0
2.16316,41.39533,Habitación doble al lado de La Pedrera,Spain,18.0,Private room,10.0,Manuel,1.0,1.5,1.0
2.20314,41.40951,"Double/single room, bathroom & garage in Poblenou",Spain,40.0,Private room,10.0,Froilán,1.0,1.0,1.0
2.17231,41.37749,"A place near to the RAmbla ,but in a quite street",Spain,100.0,Private room,9.0,Anja,1.0,1.0,1.0
2.17588,41.40439,Habitacion al lado de Sagrada Familia,Spain,45.0,Private room,9.0,Svitlana,1.0,1.0,1.0
2.17304,41.37805,bonita y comoda habitacion en el piso céntrico,Spain,67.0,Private room,9.0,Nadiya Faybisheva/Alex,1.0,1.0,1.0
2.16685,41.38371,Habitación centro de Barcelona,Spain,40.0,Private room,9.0,Marián,1.0,1.0,1.0
2.17728,41.40604,Double Bedroom and amazing rooftop-Sagrada Familia,Spain,250.0,Private room,8.0,Valentina,1.0,1.5,1.0
2.15691,41.37475,Sunny and quiet room with private shower room,Spain,40.0,Private room,9.0,Montserrat,1.0,1.0,1.0
2.1962,41.41737,Yun's Apartment (center of Barcelona),Spain,25.0,Private room,9.0,Yun,1.0,1.0,1.0
2.16953,41.37295,Room in penthouse with 2 terraces,Spain,22.0,Private room,9.0,Simona,1.0,1.0,1.0
2.17533,41.39454,Spacious double room with balcony,Spain,69.0,Private room,10.0,Yohan And,1.0,1.0,1.0
2.18951,41.3918,Habitacion Cama Doble  en Vila Olimpica .,Spain,29.0,Private room,9.0,Katia Núñez Herrera,1.0,1.5,1.0
2.15659,41.37207,habitacion en Barcelona,Spain,24.0,Private room,9.0,Ana,1.0,1.0,1.0
2.12421,41.3784,DOUBLE ROOM (1 or 2 people),Spain,27.0,Private room,9.0,Nahuel,1.0,2.0,1.0
2.1564,41.37864,Sunny double room with balcony,Spain,38.0,Private room,10.0,Oscar,1.0,1.0,1.0
2.1823,41.40208,Céntrica Habitación,Spain,20.0,Private room,9.0,Ana,1.0,1.0,1.0
2.15988,41.3767,Perfect double room with private bathroom ! !,Spain,50.0,Private room,8.0,Esther,1.0,1.0,1.0
2.18177,41.38667,Cosy room in the Born district,Spain,24.0,Private room,10.0,Anne-Sophie,1.0,1.0,1.0
2.17505,41.40975,Bonita habitacion centrica-Sagrada Familia,Spain,18.0,Private room,9.0,Carol,1.0,1.0,1.0
2.17228,41.39785,Cozzy Room close to the center in quiet flat  !!!,Spain,32.0,Private room,9.0,Ivanca,1.0,1.0,1.0
2.22733,41.41004,Private cabin,Spain,35.0,Private room,8.0,Barcelona Yacht,1.0,1.0,2.0
2.15739,41.42255,Apartment located near Guell park,Spain,31.0,Private room,9.0,Manuela,1.0,1.0,2.0
2.1633,41.37391,COMFORTABLE AND IN THE CENTER.,Spain,18.0,Private room,10.0,Juan Pablo,1.0,2.0,1.0
2.18227,41.3859,"Nice room in artistic apartment, very central",Spain,15.0,Private room,9.0,Mary,1.0,1.0,1.0
2.13237,41.37549,Hab. individual en Barcelona / Single room in Bcn,Spain,15.0,Private room,9.0,Mar,1.0,1.0,1.0
2.12841,41.37419,Share a flat in a lovely penthouse with terrace,Spain,23.0,Private room,10.0,Mireia,1.0,1.0,1.0
2.11732,41.41753,Private Room in Renovated Library w/ Swimming Pool,Spain,95.0,Private room,10.0,Martha,1.0,1.0,2.0
2.17652,41.39574,Habitación doble en el centro,Spain,30.0,Private room,10.0,Hanna,1.0,1.5,1.0
2.17689,41.39044,Lovely and quiet doble room in the center of BCN,Spain,35.0,Private room,8.0,Marina,1.0,1.0,1.0
2.1509,41.39106,Charming room  Diagonal wifi 100 Mb,Spain,39.0,Private room,10.0,Annais,1.0,1.0,1.0
2.16991,41.39598,Lovely room with the best location ever!,Spain,60.0,Private room,9.0,Victoria,1.0,1.0,1.0
2.18067,41.38542,Two person room in vibrant Old Town,Spain,40.0,Private room,10.0,Aj,1.0,1.5,2.0
2.17944,41.39602,Room with a double bed close to Arc de Triomf,Spain,45.0,Private room,10.0,Yolanda,1.0,1.5,1.0
2.14478,41.38712,PRIVATE ROOM WITH WIFI,Spain,18.0,Private room,9.0,Esperanza,1.0,2.0,2.0
2.17632,41.38277,Old District - Charming Apartment,Spain,50.0,Private room,9.0,Maria StayBarcelona,1.0,1.0,2.0
2.13318,41.37437,HABITACION SINGLE en el  BARRIO DE SANTS-MONTJUIC,Spain,38.0,Private room,10.0,Jorge,1.0,1.0,1.0
2.14992,41.39578,Отдых в престижной зоне Барселоны 3,Spain,30.0,Private room,6.0,Olí,1.0,1.0,1.0
2.16932,41.40323,Double Bed in the very middle of Barcelona,Spain,40.0,Private room,9.0,Vicente,1.0,1.0,1.0
2.1801,41.3926,Arc del Triomf - Big double room in authentic flat,Spain,19.0,Private room,9.0,Andrea & Agu,1.0,1.0,1.0
2.15199,41.379,Habitación Gayfriendly l'Eixample,Spain,60.0,Private room,9.0,Diego,1.0,1.0,1.0
2.1918,41.39423,DOUBLE ROOM + PERFECT LOCATION,Spain,30.0,Private room,9.0,Tom’s Team,1.0,1.5,1.0
2.15993,41.37338,LAST CALL MWC - Bedroom w/ private wc and balcony,Spain,130.0,Private room,9.0,Diego,1.0,1.0,1.0
2.13445,41.36859,Near the center and the airport . Double room,Spain,30.0,Private room,9.0,Gigi,1.0,1.0,1.0
2.14606,41.3708,Lovely room in design apartment in Plaza España,Spain,60.0,Private room,10.0,Alena,1.0,1.0,1.0
2.15955,41.38006,Private Room & King Size Bed (Eixample),Spain,60.0,Private room,9.0,Jose Maria,1.0,1.0,1.0
2.16653,41.38154,Cosy single room en el Raval,Spain,20.0,Private room,10.0,Carla,1.0,1.0,1.0
2.16109,41.39727,Exterior room with double bed and terrace!!,Spain,31.0,Private room,9.0,Igor,1.0,7.0,1.0
2.17074,41.39056,Two rooms with great view sagrada familia,Spain,100.0,Private room,9.0,Romina,2.0,1.0,2.0
2.18156,41.40431,Bright room in sagrada familia,Spain,15.0,Private room,9.0,Jeremy,1.0,1.0,2.0
2.15144,41.38256,YOUR SUNNY DOUBLE BEDROOM IN THE CENTER,Spain,45.0,Private room,9.0,Gerard,1.0,1.5,1.0
2.19603,41.39933,Large and bright room near the beach - Poblenou,Spain,52.0,Private room,10.0,Sofia,1.0,1.0,1.0
2.181,41.40318,Cozy room in Sagrada Familia,Spain,15.0,Private room,10.0,Jeremy,1.0,1.0,2.0
2.15881,41.39925,Heart of the City-Cozy Room Private Sunny Balcony!,Spain,14.0,Private room,9.0,Vahb,1.0,2.0,1.0
2.16187,41.37292,Double room in Poble sec,Spain,25.0,Private room,9.0,Dino,1.0,1.0,1.0
2.1966,41.39356,Habitación en Villa Olímpica,Spain,30.0,Private room,9.0,Inaki,1.0,1.0,1.0
2.1621,41.39583,"Luxury PRIVATE room on Gracia, 2min from everythng",Spain,99.0,Private room,9.0,Renat,0.0,1.0,2.0
2.18339,41.38499,Stunning vintage room with AC (old town),Spain,65.0,Private room,10.0,Ana & Tony,1.0,1.0,1.0
2.17691,41.40525,Wonderful double-room centrally located,Spain,26.0,Private room,10.0,Victoria & Ivan,1.0,1.0,1.0
2.14085,41.37464,Double room(close to airport and center),Spain,38.0,Private room,9.0,Fanny,1.0,2.0,1.0
2.1527,41.4258,ROOM SWEET ROOM. only 25 min from the center.,Spain,23.0,Private room,10.0,Maria Victoria,1.0,1.0,1.0
2.16472,41.40411,Sagrada Familia - Comfortable and cosy double room,Spain,60.0,Private room,10.0,France,1.0,1.0,1.0
2.1617,41.39866,Piso muy céntrico en Gràcia,Spain,25.0,Private room,9.0,Guzman,1.0,1.0,1.0
2.15059,41.37897,Private room with double bed next to Plaza Espana,Spain,37.0,Private room,9.0,Nega,1.0,1.5,2.0
2.17323,41.38797,WONDERFUL SPACIOUS DOBLE ROOM IN BARCELONA CENTER,Spain,40.0,Private room,9.0,Martin,1.0,2.0,1.0
2.16632,41.40419,Acogedor alojamiento en SAGRADA FAMILIA,Spain,29.0,Private room,10.0,Sergio,2.0,1.0,2.0
2.16072,41.406,Cosy Double Room in a bright flat!,Spain,70.0,Private room,9.0,Milena,1.0,2.0,1.0
2.14983,41.38533,Private room in L'eixample,Spain,22.0,Private room,9.0,Daisy,1.0,1.0,1.0
2.18328,41.38321,Comfortable room 5 minutes from the beach,Spain,50.0,Private room,9.0,Luis,1.0,1.0,1.0
2.15207,41.40124,"Double room, livingroom and terrace",Spain,25.0,Private room,10.0,Andrea,1.0,1.0,1.0
2.13769,41.3646,Luminous Vintage Room near Plaza España,Spain,25.0,Private room,9.0,Stephanie & Edgardo,1.0,1.0,2.0
2.15266,41.40163,Habitación privada en el corazón de Gracia,Spain,30.0,Private room,10.0,Ines,1.0,1.0,1.0
2.18479,41.40548,Amazing single room in Sagrada Familia area!!,Spain,30.0,Private room,10.0,Sergio,1.0,1.0,1.0
2.14387,41.38765,MP Room for 2 persons bunk bed in shared apartment,Spain,32.0,Private room,9.0,Francisco,1.0,1.0,1.0
2.15252,41.37667,Single room Barcelona center,Spain,17.0,Private room,9.0,Jonás,1.0,1.0,1.0
2.17911,41.39691,Mestral Mar Doble hab. 5-6,Spain,66.0,Private room,8.0,Mestral,1.0,2.0,2.0
2.18628,41.39811,Habitación individual.,Spain,14.0,Private room,9.0,Jordi,1.0,2.0,1.0
2.16278,41.38545,New Holiday Master Suite with Balcony in Eixample,Spain,84.0,Private room,10.0,Elia & Silvia,1.0,1.0,2.0
2.18269,41.40006,Room with balcony,Spain,40.0,Private room,9.0,Roman,1.0,1.0,1.0
2.187,41.41361,H MERIDIANA 1,Spain,19.0,Private room,9.0,Catherine,1.0,1.0,1.0
2.17694,41.41944,Ático Del Guinardo,Spain,45.0,Private room,8.0,Dario,0.0,2.0,2.0
2.16481,41.39959,Habitación individual Eixample,Spain,26.0,Private room,10.0,Jose & Cláudia Maria,1.0,1.0,1.0
2.13675,41.41756,"Modern & Quiet 2 bedroom house, patio&views!",Spain,69.0,Private room,9.0,Koen,2.0,1.0,3.0
2.20377,41.42283,"Lovely room close to beach,15 min center",Spain,32.0,Private room,9.0,Sergi,1.0,1.0,1.0
2.17337,41.43616,Habitación para tres en Barcelona cerca  transport,Spain,110.0,Private room,9.0,Isabel,1.0,1.0,3.0
2.15993,41.39162,Comfortable and Accesible For Groups (H1+H2),Spain,140.0,Private room,8.0,George,2.0,3.0,5.0
2.13697,41.37756,A Private Room for 4 People,Spain,200.0,Private room,9.0,Claudiu Nicolae,1.0,1.0,4.0
2.21575,41.41429,Cozy double room in Barcelona close to beach,Spain,17.0,Private room,9.0,Mila,1.0,1.0,1.0
2.14405,41.3859,"Cómoda Habitación L'Eixample, Gracia",Spain,10.0,Private room,8.0,Grace,1.0,1.0,2.0
2.21825,41.4141,Sweet home!!!,Spain,26.0,Private room,9.0,Sofia,1.0,1.0,1.0
2.18543,41.45542,A natural and calm corner in Barcelona,Spain,38.0,Private room,10.0,Alexandra,1.0,2.0,1.0
2.17909,41.43897,Habitación  acogedora vacacional,Spain,25.0,Private room,10.0,Lupe,1.0,1.0,1.0
2.18275,41.3848,BCN center / balcony - ensuite bathroom,Spain,55.0,Private room,10.0,Olivier,1.0,1.0,1.0
2.19112,41.41492,Cosy interior room for 2! I CA,Spain,15.0,Private room,9.0,Alexandr,1.0,2.0,1.0
2.17263,41.40557,Twin Room with Shared Bathroom,Spain,25.0,Private room,9.0,Andres,1.0,1.0,2.0
2.15105,41.38455,Habitación con terraza y mucha luz en el centro.,Spain,30.0,Private room,9.0,Lola,1.0,1.0,1.0
2.18748,41.418,"Private, double room in Barcelona",Spain,60.0,Private room,9.0,Aneta,1.0,1.0,2.0
2.17186,41.37953,Cosy Single Room in the Centre,Spain,29.0,Private room,9.0,Kate,1.0,1.0,1.0
2.14653,41.42339,Habitación acogedora en zona muy tranquila,Spain,40.0,Private room,9.0,Priscila & Juliano,1.0,1.0,1.0
2.14745,41.38376,Amazing place in Barcelona centre,Spain,59.0,Private room,9.0,Jorge,1.0,1.0,1.0
2.12807,41.40666,Villa Romantika Doppel Zimmer Afrika,Spain,100.0,Private room,9.0,Tatjana,1.0,1.0,1.0
2.17232,41.41188,HABITACIÓN DOBLE EN EL CENTRO MUY BIEN COMUNICADA,Spain,35.0,Private room,9.0,Shattia,1.0,2.0,1.0
2.17862,41.38659,Doble room in the heart of BCN - Born,Spain,31.0,Private room,9.0,Bikey,0.0,1.0,1.0
2.15374,41.37718,PRETTY ROOM IN BARCELONA-A/C-NEAR PLAZA ESPAÑA,Spain,35.0,Private room,9.0,Daniel,1.0,1.0,1.0
2.1795,41.3791,Barcelona centro - Barrio Gótico,Spain,50.0,Private room,8.0,Juliana,1.0,1.0,1.0
2.18496,41.41015,Spacious bright single bedroom,Spain,15.0,Private room,10.0,Yuri,1.0,1.5,1.0
2.17343,41.38084,Perfect Location! QUIET ROOM just off LA RAMBLA,Spain,29.0,Private room,9.0,Carolina,1.0,1.5,1.0
2.1708,41.37868,El castillo del raval,Spain,30.0,Private room,9.0,Ca,1.0,1.0,1.0
2.16731,41.37874,Relax in the Raval - Room with Balcony,Spain,50.0,Private room,9.0,Erwin And Isabel,1.0,1.0,1.0
2.20417,41.43574,(C)Private double Bedroom next to metro. Free WiFi,Spain,15.0,Private room,8.0,Maria Josi,1.0,1.0,2.0
2.11271,41.41055,villa maravilla,Spain,100.0,Private room,9.0,Monica,1.0,1.0,1.0
2.19584,41.39595,Big sunny room! Perfect location!,Spain,45.0,Private room,8.0,Uncredable,1.0,3.0,2.0
2.13806,41.40144,2 habitaciones en piso bonito y bien situado,Spain,56.0,Private room,9.0,Tati,2.0,1.0,4.0
2.16422,41.38119,Double room in Barcelona Center with balcony!!!!,Spain,50.0,Private room,10.0,Andreu,1.0,1.0,1.0
2.17513,41.37837,Sunny Private Room with balcony in LA RAMBLA- WIFI,Spain,28.0,Private room,9.0,Julio,1.0,1.0,1.0
2.17344,41.37609,"Cosy place in the Heart of Barcelona DOWNTOWN,WIFI",Spain,22.0,Private room,9.0,Julio,1.0,1.0,2.0
2.14838,41.38453,habitación privada plaza España 2,Spain,110.0,Private room,10.0,Eucaris,1.0,1.0,1.0
2.17262,41.37539,Room in the center of Barcelona,Spain,2000.0,Private room,9.0,Gustavo,0.0,1.0,1.0
2.15819,41.38308,Well connected central modernist apartment,Spain,80.0,Private room,10.0,Anna,1.0,1.0,2.0
2.1805,41.41756,Habitación cerca a Sagrada Familia,Spain,18.0,Private room,8.0,Francisco,1.0,1.0,1.0
2.16673,41.38789,Room A4,Spain,79.0,Private room,9.0,Sam,1.0,1.5,3.0
2.19918,41.39715,Cozy Room near the Beach and 10 min away city cent,Spain,50.0,Private room,9.0,Carlos,1.0,1.5,1.0
2.17696,41.37818,(inRAMBLAS) 1double room! Historic center,Spain,68.0,Private room,9.0,Jorge,1.0,1.0,2.0
2.16078,41.38334,Central 3 Beds + Breakfast & Balcony (3A),Spain,40.0,Private room,9.0,Charly,1.0,1.0,2.0
2.14306,41.38186,Big double room with private bathroom,Spain,55.0,Private room,9.0,Angel,1.0,1.0,1.0
2.19975,41.40125,"Nice room, Lovely apartment next to the beach",Spain,44.0,Private room,9.0,Jor,1.0,1.0,1.0
2.18358,41.38484,Habitación doble en el centro de la ciudad,Spain,47.0,Private room,9.0,Yanina,1.0,1.0,1.0
2.14741,41.37974,Apartamento Céntrico,Spain,50.0,Private room,6.0,Lara,1.0,1.0,1.0
2.13289,41.41021,Beautiful room at Tibidabbo,Spain,17.0,Private room,10.0,Chris,1.0,2.0,1.0
2.20945,41.41948,el Besos y el Maresme,Spain,35.0,Private room,9.0,Natia,1.0,1.0,1.0
2.17877,41.41463,Double room & private toilet near Sagrada Familia,Spain,29.0,Private room,10.0,Eduard,1.0,2.0,1.0
2.15149,41.38471,"Piso en el centro,  habitación individual,",Spain,45.0,Private room,10.0,Mirla,1.0,1.0,1.0
2.1697,41.38471,Blue Room With Balcony Barcelona Rambla,Spain,55.0,Private room,9.0,Diana,1.0,1.0,1.0
2.18758,41.41355,Double room + Private Bathroom / Sagrada Familia,Spain,40.0,Private room,9.0,Francisco F,1.0,1.0,1.0
2.1454,41.39273,Habitación espaciosa y elegante con AC y baño,Spain,80.0,Private room,10.0,Helena,1.0,1.0,1.0
2.17579,41.379,Habitación doble en pleno barrio gótico,Spain,53.0,Private room,9.0,Daniela Carina,1.0,2.0,1.0
2.18038,41.38683,Cosy Loft in the Heart of Borne,Spain,70.0,Private room,8.0,Anna,1.0,1.0,2.0
2.21656,41.41263,Secret room2,Spain,20.0,Private room,8.0,Sergio,1.0,1.0,1.0
2.18066,41.39332,The Best point to Enjoy Barcelona,Spain,35.0,Private room,9.0,Leonor,1.0,1.0,2.0
2.1746,41.38634,Double room only for pet lovers!,Spain,65.0,Private room,10.0,Stephanie,1.0,1.0,1.0
2.21576,41.41612,El hogar de Gabi.,Spain,30.0,Private room,10.0,Gabriel,1.0,1.0,1.0
2.17668,41.3872,Lovely room in Born,Spain,45.0,Private room,10.0,Makka,1.0,1.5,1.0
2.16108,41.37541,Excellent room for 2 in Barcelona,Spain,50.0,Private room,9.0,Victor,1.0,2.0,1.0
2.17317,41.38848,SUNNY DELIGHT ❤ double bedroom + balcony,Spain,60.0,Private room,10.0,Roberto,1.0,1.0,1.0
2.2145,41.41214,Double room in Diagonal Mar.  Close to the beach.,Spain,65.0,Private room,9.0,Ana Cecilia,1.0,1.0,1.0
2.17466,41.3781,piso céntrico de Barcelona,Spain,32.0,Private room,9.0,Preet,1.0,1.0,1.0
2.17952,41.38427,Single Room with Balcony in Center,Spain,27.0,Private room,10.0,Vi,1.0,1.5,1.0
2.0978,41.33371,SINGLE ROOM NEAR THE AIRPORT,Spain,22.0,Private room,8.0,Montserrat,1.0,1.0,1.0
2.14869,41.39592,Nice room centr 6,Spain,35.0,Private room,9.0,Olí,1.0,1.0,1.0
2.145,41.37794,Room in shared apartment,Spain,25.0,Private room,9.0,Sergi,1.0,2.0,1.0
2.16621,41.38395,Big comfortable room in BCN city center,Spain,49.0,Private room,9.0,Nora,1.0,1.0,1.0
2.15698,41.38266,Lovely & cozy double room in the heart of BCN,Spain,53.0,Private room,9.0,Alfred,1.0,1.0,2.0
2.16097,41.41465,Sweet room near to parc güell,Spain,22.0,Private room,9.0,Lola,1.0,1.0,2.0
2.15555,41.39634,Best location double room,Spain,27.0,Private room,9.0,Cecilia,1.0,1.0,2.0
2.1818,41.38763,"Cosy and bright double room. El Born, Barcelona.",Spain,35.0,Private room,9.0,Pedro,1.0,1.0,1.0
2.17964,41.38919,habitacion 2 en el barrio del borne de  barcelona,Spain,36.0,Private room,8.0,Juan Ramon,1.0,1.0,1.0
2.17968,41.38982,habitacion 1 en el barrio del borne barcelona,Spain,36.0,Private room,8.0,Juan Ramon,1.0,1.0,1.0
2.18998,41.37773,Habitacion Hermosa. Beautiful room in Barceloneta,Spain,65.0,Private room,10.0,Trinidad,1.0,1.0,1.0
2.17685,41.38023,Quiet Private Room in Barcelona Gothic Quarter,Spain,45.0,Private room,9.0,Ferre,1.0,1.0,2.0
2.19166,41.37976,Habitación  Barrio Barceloneta,Spain,28.0,Private room,9.0,Karla,1.0,1.0,1.0
2.1493,41.38051,Home Sharing - Individual Room in Plaza España,Spain,16.0,Private room,9.0,Mercedes,1.0,1.0,1.0
2.15797,41.4057,Comfortable room in a house in the heart of Gràcia,Spain,45.0,Private room,9.0,Enric,1.0,1.0,1.0
2.16758,41.39706,Cheap Small Economic Room Shared Barthroom Center,Spain,45.0,Private room,9.0,Adriana De Bruc & Bruc,1.0,2.0,1.0
2.1648,41.38121,{{ SAGRADA FAMILIA }} Center ROOM *****,Spain,29.0,Private room,10.0,Carlos,1.0,1.5,1.0
2.16997,41.43171,Hab individual con terrazas y vistas a Barcelona,Spain,22.0,Private room,10.0,Claudio,1.0,1.0,1.0
2.15669,41.37672,SUPREME BALCONY DOUBLE ROOM,Spain,25.0,Private room,9.0,Monique & Igor,1.0,2.0,1.0
2.14395,41.38542,Habitación muy grande con vistas espectaculares.,Spain,90.0,Private room,10.0,Jaume,1.0,1.0,1.0
2.16219,41.39821,Cozy room in the center of Barcelona!!!,Spain,33.0,Private room,10.0,Biel,1.0,1.0,1.0
2.16585,41.37878,Dos habitaciones c/balcón centro BCN 3-5 people.,Spain,50.0,Private room,9.0,Elena,2.0,1.0,4.0
2.17458,41.37919,"Bright, Central Apartment with Traditional and Modern Design",Spain,88.0,Private room,10.0,Praxedes,2.0,1.0,2.0
2.20064,41.40262,Enrique's private room,Spain,60.0,Private room,10.0,Nilo Enrique,1.0,1.0,1.0
2.14487,41.37748,Beste Lage im Herzen Barcelonas Playa Espanya*****,Spain,45.0,Private room,9.0,Sven,3.0,2.0,4.0
2.16776,41.40431,Room in Barcelona Near Sagrada Familia,Spain,35.0,Private room,8.0,José,1.0,1.0,3.0
2.19544,41.38928,Double room with shared batroom with sea view,Spain,35.0,Private room,10.0,Cristina,1.0,1.0,1.0
2.17548,41.44656,Nashs house 2,Spain,19.0,Private room,9.0,Doreen,1.0,1.0,1.0
2.18031,41.38038,Double room for women in Gothic,Spain,45.0,Private room,8.0,Francesca,1.0,1.0,1.0
2.1495,41.39144,Quiet and bright room with balcony,Spain,24.0,Private room,7.0,Maria,1.0,2.0,1.0
2.16855,41.38049,In the center of Barcelona!!!,Spain,35.0,Private room,9.0,Mary Jean,1.0,1.0,1.0
2.15919,41.40759,Habitación en Gràcia-Barcelona muy bien comunicada,Spain,20.0,Private room,9.0,Marianne,1.0,1.0,1.0
2.16568,41.41114,Habitación amplia cerca de gracia  con armario,Spain,20.0,Private room,10.0,Xavi,1.0,1.0,1.0
2.18851,41.38118,Apartment- Private livingroom-kitchen-bathroom,Spain,95.0,Private room,9.0,Julian,1.0,1.0,2.0
2.17561,41.38786,"Beautiful Double interior room, Breakfast Included",Spain,89.0,Private room,10.0,Marc De Yurbban Passage,1.0,1.0,1.0
2.18253,41.41013,Habitación para dormir con cama de matrimonio,Spain,15.0,Private room,8.0,Xavier,1.0,1.0,1.0
2.15283,41.38402,Bonita y acogedora habitación,Spain,20.0,Private room,10.0,Julia,1.0,2.0,1.0
2.16156,41.37286,Amazing places. Love holidays. Barcelona.,Spain,50.0,Private room,9.0,Emile,1.0,1.0,1.0
2.15713,41.38538,Romantic room with amazing terrace in the center,Spain,51.0,Private room,10.0,Pia,1.0,1.0,2.0
2.1657,41.40467,"ATICO CON LAS MEJORES VISTAS DE BARCELONA UNICO,",Spain,95.0,Private room,10.0,Jhon,1.0,1.0,1.0
2.16864,41.37824,Loft 3,Spain,120.0,Private room,9.0,Cristian,1.0,1.0,1.0
2.21523,41.40802,"Double room, facing the sea. CCIB",Spain,32.0,Private room,10.0,Gloria,1.0,1.0,1.0
2.17499,41.37617,Very quite and bright room in Raval near Ramblas,Spain,34.0,Private room,10.0,Jesica,1.0,1.0,1.0
2.15353,41.40185,Habitación privada en Gràcia / metro Fontana L3,Spain,40.0,Private room,9.0,Gustavo,1.0,1.0,1.0
2.17194,41.39958,2 Habitaciones cómodas,Spain,45.0,Private room,10.0,Dolores,1.0,0.0,1.0
2.18902,41.38096,LOCATION! PVT Double BR w/Balcony across the BEACH,Spain,80.0,Private room,10.0,Noemi,1.0,1.0,1.0
2.16139,41.40477,sunny flat,Spain,100.0,Private room,9.0,Jana,1.0,1.0,1.0
2.13166,41.37284,"habitacion independiente, muy centrica",Spain,25.0,Private room,9.0,Esteban,1.0,1.0,2.0
2.16423,41.3808,Confortable  Room/center bcn w/prívate bathroom,Spain,40.0,Private room,10.0,Giuseppe,1.0,1.0,1.0
2.16462,41.37123,"piso bonito, muy centrico",Spain,60.0,Private room,10.0,Marina,2.0,1.0,2.0
2.16584,41.38316,Barcelona late desde el Raval.,Spain,22.0,Private room,9.0,Fanny,2.0,1.0,1.0
2.16663,41.40691,Nice room for city visitors,Spain,19.0,Private room,10.0,André,1.0,1.0,1.0
2.17705,41.38934,"Yurbban Suite Terrace, Breakfast Included",Spain,89.0,Private room,9.0,Marc De Yurbban Passage,1.0,1.0,1.0
2.17525,41.3776,STUDIO AT THE PRICE OF A ROOM,Spain,78.0,Private room,8.0,Fernando,1.0,1.0,1.0
2.15344,41.37972,Bedroom /City Center /Close touristc places,Spain,39.0,Private room,8.0,Enrique/Mathi,1.0,1.0,2.0
2.1434,41.36919,"Big bed, big room, near to plaza españa",Spain,35.0,Private room,9.0,Juan Pablo,1.0,1.0,1.0
2.14905,41.39667,Habitación cómoda con llave 5,Spain,30.0,Private room,10.0,Olí,1.0,1.0,1.0
2.16969,41.37351,Room with natural lighting,Spain,25.0,Private room,6.0,Jaime,1.0,1.0,2.0
2.17491,41.40634,Room for 2 people with  bathroom  Sagrada Familia,Spain,42.0,Private room,9.0,Evgeny,1.0,1.0,1.0
2.13286,41.36674,Triple Room with shared bathroom,Spain,40.0,Private room,10.0,Rameez,1.0,2.0,3.0
2.18388,41.41132,Not a big room in Barcelona,Spain,35.0,Private room,9.0,Tusia & Alex,1.0,1.5,1.0
2.15179,41.38118,Espaciosa habitación / spacious room,Spain,30.0,Private room,9.0,Malena,1.0,1.0,1.0
2.165,41.39923,Comfortable and quiet Room in Barcelona,Spain,35.0,Private room,6.0,Juan,1.0,0.0,1.0
2.20206,41.42322,Rooms in Barcelona (3 people=2 rooms),Spain,25.0,Private room,9.0,Gabriela,2.0,1.0,3.0
2.18541,41.38394,BCN11# Double room with bathroom A/C,Spain,40.0,Private room,10.0,Cristina And Lorenzo,1.0,1.0,1.0
2.15861,41.37051,Cozy room near Montjuic and city center,Spain,16.0,Private room,9.0,Danyusha,1.0,1.0,1.0
2.14671,41.37972,Excelente apartamento con perfecta ubicación..,Spain,30.0,Private room,9.0,Amaury,1.0,1.0,1.0
2.16764,41.38714,Pulitzer Extra- Read all about our experiences!,Spain,150.0,Private room,9.0,Regina,1.0,1.0,2.0
2.17976,41.40151,Cozy Room (Girls only) Quiet area/Sagrada Familia,Spain,30.0,Private room,10.0,Jo,0.0,1.0,1.0
2.12242,41.37846,Private room with sunny terrace of 200m2. 6,Spain,10.0,Private room,9.0,Salvatore,1.0,3.0,1.0
2.14567,41.37467,Room&Yard... Pl. España,Spain,38.0,Private room,9.0,Gina,1.0,1.0,1.0
2.16545,41.38328,Lovely en-suite bedroom in city center,Spain,69.0,Private room,9.0,Louis,1.0,1.0,1.0
2.15743,41.38023,★Exterior y céntrica★St Antoni A 2 min del Aerobus,Spain,35.0,Private room,9.0,Jose,1.0,1.0,2.0
2.1867,41.392,Cómoda habitación individual + baño privado,Spain,27.0,Private room,9.0,Igor,1.0,3.0,1.0
2.17991,41.38497,Amazing vintage art Work space in old city center,Spain,180.0,Private room,9.0,Josie,1.0,2.0,1.0
2.165,41.38294,THE MOST CENTRAL LOCATION OF THE City! PL1,Spain,65.0,Private room,7.0,Cristinaa,1.0,2.0,2.0
2.17075,41.37559,"Near the RAMBLA, the double room at  SEASIDE PORT1",Spain,10.0,Private room,9.0,Tina,1.0,2.0,1.0
2.16607,41.3784,Air conditioned room,Spain,42.0,Private room,9.0,Alexis,1.0,1.0,1.0
2.17463,41.39844,HABITACION DOBLE DI,Spain,30.0,Private room,6.0,Mark,1.0,2.0,1.0
2.19404,41.40767,Charming room near Glories,Spain,100.0,Private room,9.0,Ileana,1.0,1.0,1.0
2.10189,41.37747,Habitación Luminosa y tranquila ambiente familiar.,Spain,35.0,Private room,9.0,Adriano,0.0,1.0,1.0
2.16459,41.38401,PRIVATE ROOM NEAR CITY CENTER,Spain,35.0,Private room,9.0,Lina,1.0,1.0,1.0
2.14959,41.38251,Beautiful room for three!!,Spain,75.0,Private room,9.0,Christina,1.0,1.0,2.0
2.16816,41.38622,"Room w' priv bathroom, breakfast in best location!",Spain,50.0,Private room,10.0,Manuela,1.0,1.0,3.0
2.18568,41.41067,My house is your house - goodvibes only (balcony),Spain,59.0,Private room,9.0,Ash And Nani,1.0,1.0,2.0
2.15104,41.38667,Room “Elegance” in Barcelona centrum.,Spain,55.0,Private room,9.0,Nerea,0.0,1.0,1.0
2.1894,41.45179,"Cozy room in Trinitat Vella, 15 min center BCN",Spain,25.0,Private room,10.0,Monica,1.0,1.0,2.0
2.19137,41.37849,Precioso apartamento en primera linea del mar!,Spain,37.0,Private room,9.0,Justyna,2.0,1.0,2.0
2.1621,41.38468,Super Central Double Room & Free Breakfast (A),Spain,25.0,Private room,9.0,Maria,1.0,2.0,1.0
2.16954,41.37754,SUPER Central location!!! P3,Spain,60.0,Private room,9.0,Cristinaa,1.0,2.0,3.0
2.16684,41.38197,RAMBLAS AREA NEAR THE BEACH!! L,Spain,80.0,Private room,9.0,Baquis Y Josito,1.0,1.0,3.0
2.15547,41.38736,Private terrace and bathroom & WiFi,Spain,57.0,Private room,10.0,Katja,1.0,1.0,2.0
2.1848,41.38359,2#Double Suite with bathroom A/C,Spain,50.0,Private room,10.0,Cristina And Lorenzo,1.0,1.0,1.0
2.19072,41.39212,Habitacion cerca a la playa room by the beach,Spain,23.0,Private room,9.0,Cris,1.0,1.5,1.0
2.20658,41.4221,ALQUILER  HABITACIONES mir,Spain,16.0,Private room,8.0,Pilar,1.0,1.0,1.0
2.16741,41.37992,Double  room with private bathroom in center city,Spain,57.0,Private room,2.0,Yvan,1.0,1.0,1.0
2.18139,41.4012,"Room,  Bikes and views!  SGL-DBL",Spain,18.0,Private room,10.0,Jóse,1.0,1.5,1.0
2.16201,41.40202,"Private room in Gracia, Barcelona",Spain,30.0,Private room,8.0,Colette Marie,1.0,1.0,1.0
2.1678,41.3964,"Room @Eixample, 8 minutes walk from Passeig Gràcia",Spain,75.0,Private room,9.0,Nesli,1.0,1.0,1.0
2.17172,41.39197,Centre of Barcelona Room in penthouse with terrace,Spain,120.0,Private room,10.0,Neil,1.0,1.0,1.0
2.17168,41.38243,SUPER CENTRAL + BALCONY IN RAMBLAS !!!,Spain,30.0,Private room,9.0,Cristina Y Arturo,1.0,1.0,2.0
2.1833,41.42559,BED&BREAKFAST in the Attic / Room04,Spain,20.0,Private room,9.0,Laura,1.0,1.0,1.0
2.15749,41.40111,Quite flat in the heart of Gràcia,Spain,45.0,Private room,8.0,Eva,2.0,1.0,2.0
2.16448,41.40378,Cozy double room in a sunny flat,Spain,49.0,Private room,10.0,Gabriel,1.0,1.0,1.0
2.17153,41.37676,1 SingleRoom in Beautiful Flat Center,Spain,24.0,Private room,10.0,Peter,1.0,1.0,1.0
2.17338,41.38057,Large Room Boqueria,Spain,40.0,Private room,9.0,Easy,1.0,1.5,2.0
2.19256,41.43924,Quiet & Cozy,Spain,18.0,Private room,10.0,Rima,1.0,1.0,1.0
2.15686,41.3829,Habitación centro example,Spain,51.0,Private room,9.0,Rodolfo,1.0,1.0,1.0
2.17548,41.4438,"ESPECTACULAR Vista Con Terraza MONTAŃA, Luminoso",Spain,15.0,Private room,9.0,Juanpa,1.0,1.0,1.0
2.17491,41.38084,Plaza Real Room,Spain,85.0,Private room,10.0,Fernando,1.0,1.0,2.0
2.16813,41.40639,Room with private bathroom.,Spain,55.0,Private room,9.0,Mikel,1.0,1.0,1.0
2.17498,41.37804,Perfect Location! Suite Room 1 min from La Rambla,Spain,80.0,Private room,8.0,Aldo,1.0,1.0,1.0
2.15268,41.39029,Double 02 CasanovaRooms Barcelona,Spain,40.0,Private room,9.0,Pablo,1.0,2.0,1.0
2.18584,41.42925,6th floor very sunny flat,Spain,60.0,Private room,9.0,Adrian,1.0,1.0,1.0
2.17429,41.37949,Spacious apartment just by Las Ramblas,Spain,200.0,Private room,10.0,Carlotta,2.0,1.0,3.0
2.17544,41.38026,LOVELY AND CENTRAL ROOM,Spain,85.0,Private room,9.0,Tony,1.0,1.0,2.0
2.19017,41.37572,Nice Bright Room by the Beach!,Spain,35.0,Private room,9.0,Ernesto & Sonia,1.0,1.0,1.0
2.14853,41.38583,Alquilamos habitacion,Spain,30.0,Private room,9.0,Pablo,1.0,2.0,2.0
2.12178,41.39184,Comfortable room in Pedralbes,Spain,80.0,Private room,9.0,Paula,1.0,2.0,1.0
2.17378,41.38047,Spanish family host U/private WC,Spain,60.0,Private room,10.0,María,2.0,1.0,3.0
2.13395,41.37575,GUESTROOM in BARCELONA/SANTS,Spain,30.0,Private room,10.0,Klaus & Omar,1.0,1.0,1.0
2.15468,41.39078,Beautiful room in Modernist House,Spain,55.0,Private room,9.0,Onofre,1.0,1.0,1.0
2.16065,41.37281,nice interior room at artistic place,Spain,26.0,Private room,9.0,Inma,1.0,1.0,1.0
2.1709,41.38069,Double Bedroom in shared Apt by Boqueria & Ramblas,Spain,55.0,Private room,9.0,Tizz,1.0,1.0,1.0
2.1996,41.4146,Habitación Individual,Spain,35.0,Private room,9.0,Javier,1.0,1.0,1.0
2.12781,41.37583,Apartaments special Benvenido !!,Spain,42.0,Private room,9.0,Ljupce,1.0,1.5,2.0
2.17147,41.37966,Individual room in city center,Spain,27.0,Private room,9.0,Darko,1.0,0.5,1.0
2.17781,41.38502,Bright Atico in Born with the perfect roof terrace,Spain,45.0,Private room,7.0,Skd,1.0,1.0,1.0
2.18174,41.42409,Comfortable and sunny double room,Spain,23.0,Private room,10.0,Karina,1.0,1.0,1.0
2.20689,41.41809,Habitación acogedora y soleada!!,Spain,35.0,Private room,9.0,Jesús,1.0,2.0,1.0
2.17542,41.4416,Prívate room with double bed,Spain,35.0,Private room,8.0,Virginia,1.0,1.0,1.0
2.18364,41.39125,Sunny and charming centric flat!!,Spain,48.0,Private room,9.0,Marcelo,1.0,1.0,1.0
2.15994,41.43654,Happy journey,Spain,35.0,Private room,8.0,Carmen,1.0,1.0,1.0
2.18166,41.40325,Habitacion individual para 1 person,Spain,15.0,Private room,9.0,Leyre,1.0,1.0,1.0
2.15838,41.39955,Double room in Gracia - Diagonal,Spain,40.0,Private room,9.0,Olivier,1.0,1.0,1.0
2.17744,41.38716,Artistic house in the center of BCN,Spain,27.0,Private room,9.0,Colador,1.0,1.5,1.0
2.20448,41.39857,Habitacion N#5  con baño privado,Spain,69.0,Private room,9.0,Paulo,1.0,1.0,4.0
2.17607,41.37914,2 chambres Pour 4 personnes,Spain,100.0,Private room,6.0,Rico,1.0,1.0,3.0
2.16676,41.40103,Flower Power Room,Spain,40.0,Private room,9.0,Príncipe Jorge,1.0,2.0,1.0
2.17326,41.38807,DOUBLE ROOM attached to the CATALUÑA Square,Spain,45.0,Private room,9.0,Lucia,1.0,1.0,1.0
2.17833,41.41507,LITERA 2 PERSONAS,Spain,45.0,Private room,8.0,Leonor,1.0,1.0,2.0
2.14039,41.37357,Habitación privada,Spain,12.0,Private room,10.0,Gabriel,1.0,2.0,1.0
2.20914,41.40227,2BLE ROOM W. PRIVATE BATHROOM BCN,Spain,60.0,Private room,9.0,Xavier,1.0,1.0,2.0
2.17872,41.39476,IDEAL! HABITACIÓN DOBLE CON BALCÓN,Spain,40.0,Private room,10.0,Adrian,1.0,1.0,1.0
2.16726,41.39726,la sagrada familia Terrace,Spain,49.0,Private room,9.0,Blanca,1.0,2.0,2.0
2.16888,41.40585,La Sagrada Familia (and metro) 4 blocks!,Spain,15.0,Private room,9.0,Julián,1.0,0.0,2.0
